{
  "id": "",
  "name": "",
  "font_family": "iconfont",
  "css_prefix_text": "icon-",
  "description": "",
  "glyphs": [
    {
      "icon_id": "3540446",
      "name": "影院",
      "font_class": "yingyuan",
      "unicode": "e662",
      "unicode_decimal": 58978
    },
    {
      "icon_id": "3670102",
      "name": "搜索",
      "font_class": "tubiaolunkuo-",
      "unicode": "e609",
      "unicode_decimal": 58889
    },
    {
      "icon_id": "3764364",
      "name": "我的",
      "font_class": "weibiaoti-",
      "unicode": "e614",
      "unicode_decimal": 58900
    },
    {
      "icon_id": "3979177",
      "name": "电影",
      "font_class": "dianying",
      "unicode": "e610",
      "unicode_decimal": 58896
    },
    {
      "icon_id": "5038950",
      "name": "下",
      "font_class": "xia",
      "unicode": "e646",
      "unicode_decimal": 58950
    }
  ]
}
